{"cameraMode":{"drawMode":0,"name":"Shaded","section":"Shading Mode"},"sceneLighting":false,"audioPlay":false,"sceneViewState":{"m_AlwaysRefresh":false,"showFog":true,"showSkybox":false,"showFlares":true,"showImageEffects":true,"showParticleSystems":true,"showVisualEffectGraphs":true,"m_FxEnabled":true},"in2DMode":false,"pivot":{"x":26.061656951904298,"y":2.353409767150879,"z":6.2928690910339359},"rotation":{"x":0.22751784324645997,"y":0.4389709532260895,"z":-0.11633409559726715,"w":0.8617889285087586},"size":1.7320507764816285,"orthographic":false}