{"cameraMode":{"drawMode":0,"name":"Shaded","section":"Shading Mode"},"sceneLighting":false,"audioPlay":false,"sceneViewState":{"m_AlwaysRefresh":false,"showFog":true,"showSkybox":false,"showFlares":true,"showImageEffects":true,"showParticleSystems":true,"showVisualEffectGraphs":true,"m_FxEnabled":true},"in2DMode":false,"pivot":{"x":-6.720090866088867,"y":-0.039999961853027347,"z":-21.847810745239259},"rotation":{"x":0.07268989086151123,"y":0.7425166368484497,"z":-0.08206415176391602,"w":0.6613039374351502},"size":5.963676929473877,"orthographic":false}