{"cameraMode":{"drawMode":0,"name":"Shaded","section":"Shading Mode"},"sceneLighting":true,"audioPlay":false,"sceneViewState":{"m_AlwaysRefresh":false,"showFog":true,"showSkybox":true,"showFlares":true,"showImageEffects":true,"showParticleSystems":true,"showVisualEffectGraphs":true,"m_FxEnabled":true},"in2DMode":false,"pivot":{"x":-0.34410473704338076,"y":4.102758407592773,"z":-1.4083597660064698},"rotation":{"x":-0.1658032387495041,"y":0.026355214416980745,"z":-0.008890954777598381,"w":-0.9858187437057495},"size":0.9822296500205994,"orthographic":false}