{"cameraMode":{"drawMode":0,"name":"Shaded","section":"Shading Mode"},"sceneLighting":true,"audioPlay":false,"sceneViewState":{"m_AlwaysRefresh":false,"showFog":true,"showSkybox":true,"showFlares":true,"showImageEffects":true,"showParticleSystems":true,"showVisualEffectGraphs":true,"m_FxEnabled":true},"in2DMode":false,"pivot":{"x":0.05184739828109741,"y":0.8994882106781006,"z":-1.48724365234375},"rotation":{"x":0.12651394307613374,"y":0.031250812113285068,"z":-0.003977673593908548,"w":0.9915225505828857},"size":1.2247449159622193,"orthographic":false}