{"cameraMode":{"drawMode":0,"name":"Shaded","section":"Shading Mode"},"sceneLighting":true,"audioPlay":false,"sceneViewState":{"m_AlwaysRefresh":false,"showFog":true,"showSkybox":true,"showFlares":true,"showImageEffects":true,"showParticleSystems":true,"showVisualEffectGraphs":true,"m_FxEnabled":true},"in2DMode":false,"pivot":{"x":0.4976639747619629,"y":-0.22301137447357179,"z":4.883733749389648},"rotation":{"x":-0.03639257326722145,"y":0.6469404101371765,"z":-0.03674907237291336,"w":-0.760887622833252},"size":1.2247449159622193,"orthographic":false}