{"cameraMode":{"drawMode":0,"name":"Shaded","section":"Shading Mode"},"sceneLighting":true,"audioPlay":false,"sceneViewState":{"m_AlwaysRefresh":false,"showFog":true,"showSkybox":true,"showFlares":true,"showImageEffects":true,"showParticleSystems":true,"showVisualEffectGraphs":true,"m_FxEnabled":true},"in2DMode":false,"pivot":{"x":-2.3928840160369875,"y":2.8502821922302248,"z":9.98528003692627},"rotation":{"x":0.13724052906036378,"y":0.47246643900871279,"z":-0.06966730207204819,"w":0.8679141998291016},"size":0.8660253882408142,"orthographic":false}