{"cameraMode":{"drawMode":0,"name":"Shaded","section":"Shading Mode"},"sceneLighting":true,"audioPlay":false,"sceneViewState":{"m_AlwaysRefresh":false,"showFog":true,"showSkybox":true,"showFlares":true,"showImageEffects":true,"showParticleSystems":true,"showVisualEffectGraphs":true,"m_FxEnabled":true},"in2DMode":false,"pivot":{"x":-2.8842201232910158,"y":0.42463362216949465,"z":-1.7393193244934083},"rotation":{"x":-0.06811933219432831,"y":-0.8595319390296936,"z":0.10951032489538193,"w":-0.49464428424835207},"size":1.4341275691986085,"orthographic":false}