{"cameraMode":{"drawMode":0,"name":"Shaded","section":"Shading Mode"},"sceneLighting":true,"audioPlay":false,"sceneViewState":{"m_AlwaysRefresh":false,"showFog":true,"showSkybox":true,"showFlares":true,"showImageEffects":true,"showParticleSystems":true,"showVisualEffectGraphs":true,"m_FxEnabled":true},"in2DMode":false,"pivot":{"x":1.339339017868042,"y":-61.573081970214847,"z":9.09393310546875},"rotation":{"x":0.06120622530579567,"y":-0.48668432235717776,"z":0.03496052324771881,"w":0.8712298274040222},"size":0.7864701747894287,"orthographic":false}