{"cameraMode":{"drawMode":0,"name":"Shaded","section":"Shading Mode"},"sceneLighting":true,"audioPlay":false,"sceneViewState":{"m_AlwaysRefresh":false,"showFog":true,"showSkybox":true,"showFlares":true,"showImageEffects":true,"showParticleSystems":true,"showVisualEffectGraphs":true,"m_FxEnabled":true},"in2DMode":false,"pivot":{"x":-0.3593474328517914,"y":-58.17628860473633,"z":8.445792198181153},"rotation":{"x":-0.22560365498065949,"y":0.20369404554367066,"z":-0.04830819368362427,"w":-0.9514861106872559},"size":3.2086799144744875,"orthographic":false}