{"cameraMode":{"drawMode":0,"name":"Shaded","section":"Shading Mode"},"sceneLighting":true,"audioPlay":false,"sceneViewState":{"m_AlwaysRefresh":false,"showFog":true,"showSkybox":true,"showFlares":true,"showImageEffects":true,"showParticleSystems":true,"showVisualEffectGraphs":true,"m_FxEnabled":true},"in2DMode":false,"pivot":{"x":-2.643061399459839,"y":-61.190635681152347,"z":1.6644309759140015},"rotation":{"x":0.018969016149640085,"y":0.44759464263916018,"z":-0.009727250784635544,"w":0.8943334221839905},"size":0.16062377393245698,"orthographic":false}