{"cameraMode":{"drawMode":0,"name":"Shaded","section":"Shading Mode"},"sceneLighting":true,"audioPlay":false,"sceneViewState":{"m_AlwaysRefresh":false,"showFog":true,"showSkybox":true,"showFlares":true,"showImageEffects":true,"showParticleSystems":true,"showVisualEffectGraphs":true,"m_FxEnabled":true},"in2DMode":false,"pivot":{"x":0.6603424549102783,"y":-61.44241714477539,"z":9.27257251739502},"rotation":{"x":0.013230462558567524,"y":-0.4695706069469452,"z":0.006458931602537632,"w":0.8830780982971191},"size":0.8322520852088928,"orthographic":false}