{"cameraMode":{"drawMode":0,"name":"Shaded","section":"Shading Mode"},"sceneLighting":true,"audioPlay":false,"sceneViewState":{"m_AlwaysRefresh":false,"showFog":true,"showSkybox":true,"showFlares":true,"showImageEffects":true,"showParticleSystems":true,"showVisualEffectGraphs":true,"m_FxEnabled":true},"in2DMode":false,"pivot":{"x":0.5476843118667603,"y":-61.94196319580078,"z":8.970870018005371},"rotation":{"x":0.09556901454925537,"y":-0.6604222059249878,"z":0.08621711283922196,"w":0.7403690218925476},"size":0.7495582103729248,"orthographic":false}