{"cameraMode":{"drawMode":0,"name":"Shaded","section":"Shading Mode"},"sceneLighting":true,"audioPlay":false,"sceneViewState":{"m_AlwaysRefresh":false,"showFog":true,"showSkybox":true,"showFlares":true,"showImageEffects":true,"showParticleSystems":true,"showVisualEffectGraphs":true,"m_FxEnabled":true},"in2DMode":false,"pivot":{"x":8.557788848876954,"y":3.597285509109497,"z":0.6578015089035034},"rotation":{"x":0.05473582074046135,"y":0.5969001054763794,"z":-0.035338085144758227,"w":0.7996819615364075},"size":10.664217948913575,"orthographic":false}