{"cameraMode":{"drawMode":0,"name":"Shaded","section":"Shading Mode"},"sceneLighting":false,"audioPlay":false,"sceneViewState":{"m_AlwaysRefresh":false,"showFog":true,"showSkybox":false,"showFlares":true,"showImageEffects":true,"showParticleSystems":true,"showVisualEffectGraphs":true,"m_FxEnabled":true},"in2DMode":false,"pivot":{"x":22.101285934448243,"y":-1.9853404760360718,"z":73.32205200195313},"rotation":{"x":0.09416995942592621,"y":0.5427965521812439,"z":-0.06175127997994423,"w":0.8326850533485413},"size":14.610366821289063,"orthographic":false}