{"cameraMode":{"drawMode":0,"name":"Shaded","section":"Shading Mode"},"sceneLighting":false,"audioPlay":false,"sceneViewState":{"m_AlwaysRefresh":false,"showFog":true,"showSkybox":false,"showFlares":true,"showImageEffects":true,"showParticleSystems":true,"showVisualEffectGraphs":true,"m_FxEnabled":true},"in2DMode":false,"pivot":{"x":0.13961076736450196,"y":-0.33352136611938479,"z":0.6274062395095825},"rotation":{"x":-0.08553725481033325,"y":0.5547147393226624,"z":-0.056947480887174609,"w":-0.8260200619697571},"size":3.1410622596740724,"orthographic":false}