{"cameraMode":{"drawMode":0,"name":"Shaded","section":"Shading Mode"},"sceneLighting":false,"audioPlay":false,"sceneViewState":{"m_AlwaysRefresh":false,"showFog":true,"showSkybox":false,"showFlares":true,"showImageEffects":true,"showParticleSystems":true,"showVisualEffectGraphs":true,"m_FxEnabled":true},"in2DMode":false,"pivot":{"x":-1.6207826137542725,"y":0.8658493757247925,"z":3.177748203277588},"rotation":{"x":-0.03133079409599304,"y":0.2698974013328552,"z":-0.008325311355292797,"w":-0.9626451730728149},"size":3.6422669887542726,"orthographic":false}