{"cameraMode":{"drawMode":0,"name":"Shaded","section":"Shading Mode"},"sceneLighting":false,"audioPlay":false,"sceneViewState":{"m_AlwaysRefresh":false,"showFog":true,"showSkybox":false,"showFlares":true,"showImageEffects":true,"showParticleSystems":true,"showVisualEffectGraphs":true,"m_FxEnabled":true},"in2DMode":false,"pivot":{"x":11.391098022460938,"y":0.07800006866455078,"z":-2.121856689453125},"rotation":{"x":0.07268989086151123,"y":0.7425166368484497,"z":-0.08206415176391602,"w":0.6613039374351502},"size":7.889446258544922,"orthographic":false}