{"cameraMode":{"drawMode":0,"name":"Shaded","section":"Shading Mode"},"sceneLighting":true,"audioPlay":false,"sceneViewState":{"m_AlwaysRefresh":false,"showFog":true,"showSkybox":false,"showFlares":true,"showImageEffects":true,"showParticleSystems":true,"showVisualEffectGraphs":true,"m_FxEnabled":true},"in2DMode":false,"pivot":{"x":-0.09980008006095886,"y":0.1440550982952118,"z":1.456107497215271},"rotation":{"x":0.062376175075769427,"y":-0.8905736804008484,"z":0.12798087298870088,"w":0.4327293634414673},"size":0.7379259467124939,"orthographic":false}