{"cameraMode":{"drawMode":0,"name":"Shaded","section":"Shading Mode"},"sceneLighting":false,"audioPlay":false,"sceneViewState":{"m_AlwaysRefresh":false,"showFog":true,"showSkybox":false,"showFlares":true,"showImageEffects":true,"showParticleSystems":true,"showVisualEffectGraphs":true,"m_FxEnabled":true},"in2DMode":false,"pivot":{"x":-14.355496406555176,"y":1.9258965253829957,"z":6.108736038208008},"rotation":{"x":0.16991360485553742,"y":0.43529000878334048,"z":-0.08439818769693375,"w":0.8804560303688049},"size":1.299038052558899,"orthographic":false}