{"cameraMode":{"drawMode":0,"name":"Shaded","section":"Shading Mode"},"sceneLighting":false,"audioPlay":false,"sceneViewState":{"m_AlwaysRefresh":false,"showFog":true,"showSkybox":false,"showFlares":true,"showImageEffects":true,"showParticleSystems":true,"showVisualEffectGraphs":true,"m_FxEnabled":true},"in2DMode":false,"pivot":{"x":-14.866545677185059,"y":-2.902353286743164,"z":24.211584091186525},"rotation":{"x":0.07523949444293976,"y":-0.27877727150917055,"z":0.021529585123062135,"w":0.9575210809707642},"size":17.519996643066408,"orthographic":false}