{"cameraMode":{"drawMode":0,"name":"Shaded","section":"Shading Mode"},"sceneLighting":false,"audioPlay":false,"sceneViewState":{"m_AlwaysRefresh":false,"showFog":true,"showSkybox":false,"showFlares":true,"showImageEffects":true,"showParticleSystems":true,"showVisualEffectGraphs":true,"m_FxEnabled":true},"in2DMode":false,"pivot":{"x":1.0363569259643555,"y":-0.27531832456588747,"z":-4.377656936645508},"rotation":{"x":-0.08533760160207749,"y":-0.5317636132240295,"z":0.04878900200128555,"w":-0.8413460850715637},"size":1.2247449159622193,"orthographic":false}