{"cameraMode":{"drawMode":0,"name":"Shaded","section":"Shading Mode"},"sceneLighting":true,"audioPlay":false,"sceneViewState":{"m_AlwaysRefresh":false,"showFog":true,"showSkybox":false,"showFlares":true,"showImageEffects":true,"showParticleSystems":true,"showVisualEffectGraphs":true,"m_FxEnabled":true},"in2DMode":false,"pivot":{"x":-0.00012502074241638184,"y":0.13999998569488526,"z":1.0700000524520875},"rotation":{"x":0.07787369191646576,"y":-0.8329893946647644,"z":0.12095706909894943,"w":0.5348644852638245},"size":0.7379259467124939,"orthographic":false}