{"cameraMode":{"drawMode":0,"name":"Shaded","section":"Shading Mode"},"sceneLighting":false,"audioPlay":false,"sceneViewState":{"m_AlwaysRefresh":false,"showFog":true,"showSkybox":false,"showFlares":true,"showImageEffects":true,"showParticleSystems":true,"showVisualEffectGraphs":true,"m_FxEnabled":true},"in2DMode":false,"pivot":{"x":22.673992156982423,"y":11.232600212097168,"z":39.07419204711914},"rotation":{"x":0.019629595801234247,"y":-0.15369990468025208,"z":0.002735787769779563,"w":0.9882630705833435},"size":1.470151424407959,"orthographic":false}