{"cameraMode":{"drawMode":0,"name":"Shaded","section":"Shading Mode"},"sceneLighting":false,"audioPlay":false,"sceneViewState":{"m_AlwaysRefresh":false,"showFog":true,"showSkybox":false,"showFlares":true,"showImageEffects":true,"showParticleSystems":true,"showVisualEffectGraphs":true,"m_FxEnabled":true},"in2DMode":false,"pivot":{"x":168.33644104003907,"y":-172.36024475097657,"z":204.29745483398438},"rotation":{"x":0.23618094623088838,"y":0.3796936869621277,"z":-0.10129109025001526,"w":0.8890807628631592},"size":189.67913818359376,"orthographic":false}