{"cameraMode":{"drawMode":0,"name":"Shaded","section":"Shading Mode"},"sceneLighting":true,"audioPlay":false,"sceneViewState":{"m_AlwaysRefresh":false,"showFog":true,"showSkybox":false,"showFlares":true,"showImageEffects":true,"showParticleSystems":true,"showVisualEffectGraphs":true,"m_FxEnabled":true},"in2DMode":false,"pivot":{"x":0.3374502956867218,"y":0.7051998972892761,"z":1.6041253805160523},"rotation":{"x":0.07787369191646576,"y":-0.8329893946647644,"z":0.12095706909894943,"w":0.5348644852638245},"size":0.8609015345573425,"orthographic":false}