{"cameraMode":{"drawMode":0,"name":"Shaded","section":"Shading Mode"},"sceneLighting":true,"audioPlay":false,"sceneViewState":{"m_AlwaysRefresh":false,"showFog":true,"showSkybox":false,"showFlares":true,"showImageEffects":true,"showParticleSystems":true,"showVisualEffectGraphs":true,"m_FxEnabled":true},"in2DMode":false,"pivot":{"x":0.9117749929428101,"y":1.3857331275939942,"z":4.221391201019287},"rotation":{"x":0.047189563512802127,"y":-0.9426530003547669,"z":0.1499580293893814,"w":0.2955281436443329},"size":0.8609015345573425,"orthographic":false}