{"cameraMode":{"drawMode":0,"name":"Shaded","section":"Shading Mode"},"sceneLighting":false,"audioPlay":false,"sceneViewState":{"m_AlwaysRefresh":false,"showFog":false,"showSkybox":false,"showFlares":false,"showImageEffects":false,"showParticleSystems":false,"showVisualEffectGraphs":true,"m_FxEnabled":true},"in2DMode":false,"pivot":{"x":-0.21051092445850373,"y":0.6930310130119324,"z":-0.5115921497344971},"rotation":{"x":-0.0007855618605390191,"y":-0.9943203330039978,"z":0.10067351162433624,"w":0.035789020359516147},"size":1.3514680862426758,"orthographic":false}