{"cameraMode":{"drawMode":0,"name":"Shaded","section":"Shading Mode"},"sceneLighting":false,"audioPlay":false,"sceneViewState":{"m_AlwaysRefresh":false,"showFog":true,"showSkybox":false,"showFlares":true,"showImageEffects":true,"showParticleSystems":true,"showVisualEffectGraphs":true,"m_FxEnabled":true},"in2DMode":false,"pivot":{"x":-2.38906192779541,"y":0.020160675048828126,"z":9.621695518493653},"rotation":{"x":0.22751784324645997,"y":0.4389709532260895,"z":-0.11633409559726715,"w":0.8617889285087586},"size":10.367183685302735,"orthographic":false}