{"cameraMode":{"drawMode":0,"name":"Shaded","section":"Shading Mode"},"sceneLighting":false,"audioPlay":false,"sceneViewState":{"m_AlwaysRefresh":false,"showFog":true,"showSkybox":false,"showFlares":true,"showImageEffects":true,"showParticleSystems":true,"showVisualEffectGraphs":true,"m_FxEnabled":true},"in2DMode":false,"pivot":{"x":2.501587152481079,"y":5.147453308105469,"z":62.81688690185547},"rotation":{"x":0.019629595801234247,"y":-0.15369990468025208,"z":0.002735787769779563,"w":0.9882630705833435},"size":14.497873306274414,"orthographic":false}