{"cameraMode":{"drawMode":0,"name":"Shaded","section":"Shading Mode"},"sceneLighting":false,"audioPlay":false,"sceneViewState":{"m_AlwaysRefresh":false,"showFog":true,"showSkybox":false,"showFlares":true,"showImageEffects":true,"showParticleSystems":true,"showVisualEffectGraphs":true,"m_FxEnabled":true},"in2DMode":false,"pivot":{"x":31.522253036499025,"y":3.060788631439209,"z":-8.822639465332032},"rotation":{"x":0.14284567534923554,"y":0.5671758055686951,"z":-0.10103663802146912,"w":0.8052156567573547},"size":0.024594247341156007,"orthographic":false}