{"cameraMode":{"drawMode":0,"name":"Shaded","section":"Shading Mode"},"sceneLighting":false,"audioPlay":false,"sceneViewState":{"m_AlwaysRefresh":false,"showFog":true,"showSkybox":false,"showFlares":true,"showImageEffects":true,"showParticleSystems":true,"showVisualEffectGraphs":true,"m_FxEnabled":true},"in2DMode":false,"pivot":{"x":7.990272045135498,"y":0.468681275844574,"z":-27.475542068481447},"rotation":{"x":0.20289728045463563,"y":-0.026294365525245668,"z":0.005133346654474735,"w":0.9791808724403381},"size":6.9766154289245609,"orthographic":false}