{"cameraMode":{"drawMode":0,"name":"Shaded","section":"Shading Mode"},"sceneLighting":false,"audioPlay":false,"sceneViewState":{"m_AlwaysRefresh":false,"showFog":true,"showSkybox":false,"showFlares":true,"showImageEffects":true,"showParticleSystems":true,"showVisualEffectGraphs":true,"m_FxEnabled":true},"in2DMode":false,"pivot":{"x":6.041690826416016,"y":1.979690432548523,"z":-32.606895446777347},"rotation":{"x":0.09414102137088776,"y":-0.11161204427480698,"z":0.010294731706380844,"w":0.9895731806755066},"size":6.9766154289245609,"orthographic":false}